epsilon,gamma,case,horizon,true_value,model_value,absolute_value_gap,finite_horizon_bound,gap_to_bound_ratio,reward_lipschitz,empirical_dynamics_lipschitz,max_rollout_state_error
0.0005,0.8,0,40,-0.21231116990201349,-0.20984108462036277,0.0024700852816507135,0.00919967495950769,0.2684970167449152,0.9125080535130603,1.0024056115455204,0.019531118582978412
0.0005,0.9,0,40,-0.4085865844526507,-0.3992009176664711,0.009385666786179636,0.03846059033822168,0.2440333521571631,0.9125080535130603,1.0024056115455204,0.019531118582978412
0.0005,0.95,0,40,-0.6870978494771773,-0.6631453591777758,0.023952490299401497,0.10680072376144832,0.22427273388991384,0.9125080535130603,1.0024056115455204,0.019531118582978412
0.0005,0.97,0,40,-0.8957426218950294,-0.858768159657892,0.03697446223713741,0.1710352501554025,0.21618036167130716,0.9125080535130603,1.0024056115455204,0.019531118582978412
0.0005,0.98,0,40,-1.0376149246436042,-0.991113779314285,0.04650114532931915,0.21905111281761325,0.21228445147428682,0.9125080535130603,1.0024056115455204,0.019531118582978412
0.0005,0.99,0,40,-1.2141879788446195,-1.1552577222891764,0.05893025655544304,0.28258596312984335,0.2085392207834669,0.9125080535130603,1.0024056115455204,0.019531118582978412
0.0005,0.8,1,40,-0.2078806364165956,-0.21068648376194463,0.0028058473453490274,0.007887724204906977,0.35572330782096834,0.8038488549966465,0.9955663756982278,0.01797281264842994
0.0005,0.9,1,40,-0.40439094549719173,-0.4157479144404611,0.011356968943269374,0.03217279571529109,0.3529991314330086,0.8038488549966465,0.9955663756982278,0.01797281264842994
0.0005,0.95,1,40,-0.7000215424708716,-0.7308589242036693,0.03083738173279771,0.08776807528236147,0.35135078026480343,0.8038488549966465,0.9955663756982278,0.01797281264842994
0.0005,0.97,1,40,-0.931728553281784,-0.9807029083653322,0.04897435508354819,0.13956920230987946,0.3508965751255965,0.8038488549966465,0.9955663756982278,0.01797281264842994
0.0005,0.98,1,40,-1.0930205935805768,-1.1555052153294292,0.06248462174885239,0.17815261737473506,0.35073647903482175,0.8038488549966465,0.9955663756982278,0.01797281264842994
0.0005,0.99,1,40,-1.2971632799208983,-1.3774874953353669,0.08032421541446855,0.2290893272335318,0.3506239962570875,0.8038488549966465,0.9955663756982278,0.01797281264842994
0.0005,0.8,2,40,-0.1926548079577949,-0.1945282141997115,0.001873406241916592,0.008541086136372346,0.21934051618314243,0.8842779404665237,0.9914964427950954,0.0160685605120985
0.0005,0.9,2,40,-0.32594342747374316,-0.332402024185394,0.0064585967116508325,0.03435150194104152,0.18801497304938541,0.8842779404665237,0.9914964427950954,0.0160685605120985
0.0005,0.95,2,40,-0.4954379637483884,-0.5111262396013577,0.015688275852969336,0.09276318447030024,0.16912179053094292,0.8842779404665237,0.9914964427950954,0.0160685605120985
0.0005,0.97,2,40,-0.6167229596310776,-0.6405440483115569,0.023821088680479274,0.1469146234239941,0.16214239348884865,0.8842779404665237,0.9914964427950954,0.0160685605120985
0.0005,0.98,2,40,-0.6977684219981136,-0.7275093509298973,0.029740928931783706,0.1871651492103713,0.158902066208679,0.8842779404665237,0.9914964427950954,0.0160685605120985
0.0005,0.99,2,40,-0.7975714039984719,-0.8350123821321898,0.03744097813371783,0.2402321267576177,0.15585333501831716,0.8842779404665237,0.9914964427950954,0.0160685605120985
0.0005,0.8,3,40,-0.0368406203086425,-0.03748055963663622,0.0006399393279937216,0.004757240816066711,0.13451901064845057,0.48345387255690364,0.9962860127803601,0.01814681919859728
0.0005,0.9,3,40,-0.06448645270746081,-0.06730083293765932,0.0028143802301985044,0.019453241480291584,0.14467410138561235,0.48345387255690364,0.9962860127803601,0.01814681919859728
0.0005,0.95,3,40,-0.10333928539466948,-0.11148410248965164,0.00814481709498216,0.0531660155423648,0.15319592811110783,0.48345387255690364,0.9962860127803601,0.01814681919859728
0.0005,0.97,3,40,-0.13290046130135336,-0.14612384283249147,0.013223381531138112,0.08460643596207648,0.15629285622036232,0.48345387255690364,0.9962860127803601,0.01814681919859728
0.0005,0.98,3,40,-0.15320423571522623,-0.17023668870901237,0.01703245299378614,0.10803312608384685,0.15765954028366155,0.48345387255690364,0.9962860127803601,0.01814681919859728
0.0005,0.99,3,40,-0.17866382304774606,-0.20074334960237036,0.022079526554624307,0.1389677275693916,0.15888240342419935,0.48345387255690364,0.9962860127803601,0.01814681919859728
0.0005,0.8,4,40,-0.3411326398633364,-0.33852071888615287,0.002611920977183546,0.013686193591027096,0.19084349200613138,1.3325284407011107,1.0069967984751338,0.021013686194480182
0.0005,0.9,4,40,-0.5997409469903723,-0.590139235195993,0.009601711794379297,0.05821586439641611,0.16493290778948563,1.3325284407011107,1.0069967984751338,0.021013686194480182
0.0005,0.95,4,40,-0.9494348373507802,-0.9252122727425769,0.024222564608203268,0.16367334028471162,0.14799334189714614,1.3325284407011107,1.0069967984751338,0.021013686194480182
0.0005,0.97,4,40,-1.2076625229983002,-1.1703309881584076,0.0373315348398926,0.26339475064453216,0.1417322659185181,1.3325284407011107,1.0069967984751338,0.021013686194480182
0.0005,0.98,4,40,-1.3826868441549587,-1.3357392268530268,0.046947617301931865,0.3381215257604063,0.13884835399447196,1.3325284407011107,1.0069967984751338,0.021013686194480182
0.0005,0.99,4,40,-1.6003188585819024,-1.5407975018610547,0.059521356720847685,0.43715687396751374,0.13615560057571202,1.3325284407011107,1.0069967984751338,0.021013686194480182
0.0005,0.8,5,40,-0.965710925718111,-0.9712573053455305,0.00554637962741944,0.023205544396938928,0.23901096791985063,2.0786933253556765,1.0266060154790242,0.016182939078015223
0.0005,0.9,5,40,-2.0278661130108366,-2.0517448296299046,0.02387871661906793,0.10706384475061861,0.22303249686846277,2.0786933253556765,1.0266060154790242,0.016182939078015223
0.0005,0.95,5,40,-3.630987957223706,-3.6951617643467176,0.0641738071230118,0.3186824748730115,0.20137225038365777,2.0786933253556765,1.0266060154790242,0.016182939078015223
0.0005,0.97,5,40,-4.864442645247102,-4.964995934271769,0.10055328902466698,0.524280788679217,0.19179281636083534,2.0786933253556765,1.0266060154790242,0.016182939078015223
0.0005,0.98,5,40,-5.71231498772687,-5.839546851814883,0.1272318640880128,0.6800540663445845,0.18709080701760586,2.0786933253556765,1.0266060154790242,0.016182939078015223
0.0005,0.99,5,40,-6.77493826155914,-6.937011811050316,0.16207354949117558,0.8879602070123577,0.18252343766224652,2.0786933253556765,1.0266060154790242,0.016182939078015223
0.0005,0.8,6,40,-0.8017827542340737,-0.8074288269143586,0.0056460726802848304,0.022297674130880803,0.2532135256414656,2.0836622223705876,1.0168504651232106,0.014184694076948624
0.0005,0.9,6,40,-1.8194463456401142,-1.8440385100960701,0.02459216445595591,0.09864710474960757,0.2492943357879314,2.0836622223705876,1.0168504651232106,0.014184694076948624
0.0005,0.95,6,40,-3.4672188485104583,-3.5327869774701366,0.06556812895967834,0.28517428337320133,0.22992300772742108,2.0836622223705876,1.0168504651232106,0.014184694076948624
0.0005,0.97,6,40,-4.770545043828598,-4.872625184951316,0.1020801411227179,0.4639273951872332,0.2200347342745735,2.0836622223705876,1.0168504651232106,0.014184694076948624
0.0005,0.98,6,40,-5.675614082274818,-5.804295152847118,0.12868107057230027,0.598609052500713,0.21496679683464529,2.0836622223705876,1.0168504651232106,0.014184694076948624
0.0005,0.99,6,40,-6.816843816187937,-6.980106971687069,0.1632631554991315,0.7777263566362227,0.20992365001652755,2.0836622223705876,1.0168504651232106,0.014184694076948624
0.0005,0.8,7,40,-0.10514539115772285,-0.10402071238634264,0.0011246787713802137,0.006788656126255917,0.165670310951587,0.679421045501002,1.0001623473237395,0.01914437051843482
0.0005,0.9,7,40,-0.1794897872314903,-0.17594464172457253,0.003545145506917785,0.028148305231402562,0.12594525594964706,0.679421045501002,1.0001623473237395,0.01914437051843482
0.0005,0.95,7,40,-0.2671759441651925,-0.2595972131242865,0.007578731040906006,0.07770370976340465,0.09753370931686567,0.679421045501002,1.0001623473237395,0.01914437051843482
0.0005,0.97,7,40,-0.32577556659335777,-0.31502012908473803,0.010755437508619736,0.12414726034799334,0.08663451354843839,0.679421045501002,1.0001623473237395,0.01914437051843482
0.0005,0.98,7,40,-0.3635224633086611,-0.3505713162747089,0.012951147033952226,0.15882302118295516,0.08154452004179694,0.679421045501002,1.0001623473237395,0.01914437051843482
0.0005,0.99,7,40,-0.40879111495474874,-0.3930819601259187,0.015709154828830063,0.20467126419367124,0.07675310401153917,0.679421045501002,1.0001623473237395,0.01914437051843482
0.0005,0.8,8,40,-0.17306707200396973,-0.1728386754712815,0.0002283965326882187,0.010168796799555346,0.02246052676538938,1.002566851954957,1.003905434395069,0.01998746319862235
0.0005,0.9,8,40,-0.2916199420958808,-0.2914476641772672,0.00017227791861362807,0.04275023179735751,0.004029870982460426,1.002566851954957,1.003905434395069,0.01998746319862235
0.0005,0.95,8,40,-0.4358573655041555,-0.43700931654930575,0.0011519510451502568,0.11918890068346767,0.009664918784757618,1.002566851954957,1.003905434395069,0.01998746319862235
0.0005,0.97,8,40,-0.5354766786325532,-0.5384179928173114,0.0029413141847581814,0.19117603809174338,0.015385370541817983,1.002566851954957,1.003905434395069,0.01998746319862235
0.0005,0.98,8,40,-0.6008443541664082,-0.6052979132870333,0.004453559120625061,0.24503014407550833,0.01817555606241106,1.002566851954957,1.003905434395069,0.01998746319862235
0.0005,0.99,8,40,-0.6803138186847725,-0.6869194618114082,0.006605643126635696,0.3163267676097919,0.020882340045228657,1.002566851954957,1.003905434395069,0.01998746319862235
0.0005,0.8,9,40,-0.07418232061214665,-0.07490852233997705,0.0007262017278304028,0.009407791068353889,0.07719152376514976,0.975078833099476,0.9912111932211696,0.01638360781698922
0.0005,0.9,9,40,-0.12652430925704392,-0.1293677819975427,0.002843472740498787,0.03780068735845174,0.07522277871656277,0.975078833099476,0.9912111932211696,0.01638360781698922
0.0005,0.95,9,40,-0.1951102953592634,-0.20293434546506925,0.007824050105805835,0.10200576753990273,0.0767020365073496,0.975078833099476,0.9912111932211696,0.01638360781698922
0.0005,0.97,9,40,-0.245549099094173,-0.25811514213931325,0.012566043045140252,0.16150727935110024,0.07780480914314063,0.975078833099476,0.9912111932211696,0.01638360781698922
0.0005,0.98,9,40,-0.279779160931772,-0.2959144853514195,0.01613532441964749,0.2057281434351277,0.07843032144377196,0.975078833099476,0.9912111932211696,0.01638360781698922
0.0005,0.99,9,40,-0.3224225209714593,-0.34330399518044474,0.02088147420898545,0.2640243124859632,0.07908920967305089,0.975078833099476,0.9912111932211696,0.01638360781698922
0.001,0.8,0,40,-0.21231116990201349,-0.20740819035793706,0.0049029795440764246,0.01839415924521266,0.26655089143867744,0.9125080535130603,1.002335262165857,0.03902076829086201
0.001,0.9,0,40,-0.4085865844526507,-0.3900576964941568,0.018528887958493945,0.07687946206854818,0.24101219571454596,0.9125080535130603,1.002335262165857,0.03902076829086201
0.001,0.95,0,40,-0.6870978494771773,-0.6400129650980815,0.04708488437909586,0.2134457144457706,0.2205941894938282,0.9125080535130603,1.002335262165857,0.03902076829086201
0.001,0.97,0,40,-0.8957426218950294,-0.8231932419687624,0.07254937992626698,0.34179587649574555,0.21225937735141173,0.9125080535130603,1.002335262165857,0.03902076829086201
0.001,0.98,0,40,-1.0376149246436042,-0.9464560313469663,0.09115889329663784,0.4377351398034315,0.20825125745576076,0.9125080535130603,1.002335262165857,0.03902076829086201
0.001,0.99,0,40,-1.2141879788446195,-1.098767072016364,0.11542090682825545,0.5646794490508323,0.20440075696444424,0.9125080535130603,1.002335262165857,0.03902076829086201
0.001,0.8,1,40,-0.2078806364165956,-0.2135347848936416,0.0056541484770460115,0.01576946781918546,0.35855036719546474,0.8038488549966465,0.9954693086392729,0.0358707357180207
0.001,0.9,1,40,-0.40439094549719173,-0.4274137947893896,0.02302284929219789,0.06429930166834019,0.35805753242781985,0.8038488549966465,0.9954693086392729,0.0358707357180207
0.001,0.95,1,40,-0.7000215424708716,-0.7628012728824577,0.06277973041158613,0.17536672335681944,0.35799112402783473,0.8038488549966465,0.9954693086392729,0.0358707357180207
0.001,0.97,1,40,-0.931728553281784,-1.0315983502270292,0.09986979694524512,0.2788416548151136,0.3581595332715406,0.8038488549966465,0.9954693086392729,0.0358707357180207
0.001,0.98,1,40,-1.0930205935805768,-1.2205412811723693,0.12752068759179247,0.3559098014861921,0.3582949586083253,0.8038488549966465,0.9954693086392729,0.0358707357180207
0.001,0.99,1,40,-1.2971632799208983,-1.461214251547458,0.16405097162655968,0.4576496825457435,0.3584640782748981,0.8038488549966465,0.9954693086392729,0.0358707357180207
0.001,0.8,2,40,-0.1926548079577949,-0.19643832642096107,0.003783518463166158,0.017082183700420278,0.22148915674481776,0.8842779404665237,0.9914966166719514,0.032129541895566445
0.001,0.9,2,40,-0.32594342747374316,-0.339101769632177,0.013158342158433811,0.06870309044619406,0.19152474907571995,0.8842779404665237,0.9914966166719514,0.032129541895566445
0.001,0.95,2,40,-0.4954379637483884,-0.527634398094812,0.032196434346423664,0.1855266821724661,0.1735407218488054,0.8842779404665237,0.9914966166719514,0.032129541895566445
0.001,0.97,2,40,-0.6167229596310776,-0.6657668237822237,0.049043864151146144,0.29382979329118375,0.166912495842598,0.8842779404665237,0.9914966166719514,0.032129541895566445
0.001,0.98,2,40,-0.6977684219981136,-0.7590979919874058,0.061329569989292176,0.37433102525727646,0.16383779556380765,0.8842779404665237,0.9914966166719514,0.032129541895566445
0.001,0.99,2,40,-0.7975714039984719,-0.8749005025872338,0.07732909858876191,0.4804652241492337,0.16094629684320982,0.8842779404665237,0.9914966166719514,0.032129541895566445
0.001,0.8,3,40,-0.0368406203086425,-0.03815943082409223,0.001318810515449735,0.009512506864738708,0.13863963876213828,0.48345387255690364,0.9962330249343889,0.0362618037321688
0.001,0.9,3,40,-0.06448645270746081,-0.0703937573098035,0.005907304602342692,0.03889113668652103,0.15189333883342263,0.48345387255690364,0.9962330249343889,0.0362618037321688
0.001,0.95,3,40,-0.10333928539466948,-0.12062533773809707,0.017286052343427588,0.10627574228175063,0.16265284976885924,0.48345387255690364,0.9962330249343889,0.0362618037321688
0.001,0.97,3,40,-0.13290046130135336,-0.16108203956295164,0.028181578261598283,0.16911421027307788,0.16664228402859796,0.48345387255690364,0.9962330249343889,0.0362618037321688
0.001,0.98,3,40,-0.15320423571522623,-0.18957526966265617,0.03637103394742994,0.21593473664575932,0.16843530833622464,0.48345387255690364,0.9962330249343889,0.0362618037321688
0.001,0.99,3,40,-0.17866382304774606,-0.22590132994298764,0.04723750689524159,0.2777594712395354,0.17006623278924915,0.48345387255690364,0.9962330249343889,0.0362618037321688
0.001,0.8,4,40,-0.3411326398633364,-0.33594847461602523,0.00518416524731119,0.027351138678229654,0.18954111228420503,1.3325284407011107,1.0068065820494372,0.041984494587507526
0.001,0.9,4,40,-0.5997409469903723,-0.5807988972637738,0.01894204972659852,0.11625652642830954,0.16293321595393853,1.3325284407011107,1.0068065820494372,0.041984494587507526
0.001,0.95,4,40,-0.9494348373507802,-0.9018739100593584,0.047560927291421806,0.32668401379308587,0.14558694421314966,1.3325284407011107,1.0068065820494372,0.041984494587507526
0.001,0.97,4,40,-1.2076625229983002,-1.1345068026774527,0.0731557203208475,0.5256156768932794,0.13918100912294704,1.3325284407011107,1.0068065820494372,0.041984494587507526
0.001,0.98,4,40,-1.3826868441549587,-1.290775598084533,0.09191124607042567,0.6746708056006258,0.13623124834726125,1.3325284407011107,1.0068065820494372,0.041984494587507526
0.001,0.99,4,40,-1.6003188585819024,-1.4838997126147682,0.11641914596713421,0.8722004151276928,0.13347751726315116,1.3325284407011107,1.0068065820494372,0.041984494587507526
0.001,0.8,5,40,-0.965710925718111,-0.976850233789845,0.011139308071734022,0.04651265259359588,0.23948984739837742,2.0838609363218374,1.0265388909664361,0.03215313740385787
0.001,0.9,5,40,-2.0278661130108366,-2.075899610964757,0.048033497953920534,0.21453199004640963,0.22389899960154877,2.0838609363218374,1.0265388909664361,0.03215313740385787
0.001,0.95,5,40,-3.630987957223706,-3.7601676522833354,0.12917969505962956,0.6384365035864413,0.20233757677381808,2.0838609363218374,1.0265388909664361,0.03215313740385787
0.001,0.97,5,40,-4.864442645247102,-5.066894581901132,0.20245193665402983,1.0502419631871143,0.19276694680877113,2.0838609363218374,1.0265388909664361,0.03215313740385787
0.001,0.98,5,40,-5.71231498772687,-5.968502445605759,0.2561874578788892,1.3622376985250337,0.18806369707450968,2.0838609363218374,1.0265388909664361,0.03215313740385787
0.001,0.99,5,40,-6.77493826155914,-7.101304244816794,0.326365983257654,1.7786391743447418,0.18349195720255548,2.0838609363218374,1.0265388909664361,0.03215313740385787
0.001,0.8,6,40,-0.8017827542340737,-0.8131198593069409,0.011337105072867115,0.04458401770805934,0.25428630382985284,2.0836622223705876,1.0167906533655346,0.02820836253378104
0.001,0.9,6,40,-1.8194463456401142,-1.8688769269688095,0.04943058132869527,0.19719522953343935,0.25066824104034974,2.0836622223705876,1.0167906533655346,0.02820836253378104
0.001,0.95,6,40,-3.4672188485104583,-3.599060772573964,0.1318419240635058,0.5699631889959506,0.23131655975144477,2.0836622223705876,1.0167906533655346,0.02820836253378104
0.001,0.97,6,40,-4.770545043828598,-4.975827821034386,0.20528277720578814,0.927165424050379,0.2214090084474869,2.0836622223705876,1.0167906533655346,0.02820836253378104
0.001,0.98,6,40,-5.675614082274818,-5.934404851392511,0.2587907691176934,1.196290639905245,0.21632767195954278,2.0836622223705876,1.0167906533655346,0.02820836253378104
0.001,0.99,6,40,-6.816843816187937,-7.145199016668067,0.32835520048012956,1.5542008889122574,0.21126947154813197,2.0836622223705876,1.0167906533655346,0.02820836253378104
0.001,0.8,7,40,-0.10514539115772285,-0.10293809765743143,0.0022072935002914185,0.013579859311290776,0.16254170604375823,0.679421045501002,1.0002095145284218,0.03834998316462006
0.001,0.9,7,40,-0.1794897872314903,-0.17270974409152445,0.006780043139965858,0.05631683467706562,0.12039105498105972,0.679421045501002,1.0002095145284218,0.03834998316462006
0.001,0.95,7,40,-0.2671759441651925,-0.2531454290391406,0.014030515126051912,0.1554824410322706,0.09023858278080327,0.679421045501002,1.0002095145284218,0.03834998316462006
0.001,0.97,7,40,-0.32577556659335777,-0.30623705899078735,0.01953850760257042,0.2484265293441206,0.07864903822532443,0.679421045501002,1.0002095145284218,0.03834998316462006
0.001,0.98,7,40,-0.3635224633086611,-0.34024832884778217,0.023274134460878948,0.31782232229831686,0.07323001824595944,0.679421045501002,1.0002095145284218,0.03834998316462006
0.001,0.99,7,40,-0.40879111495474874,-0.38088893652417316,0.027902178430575575,0.40957880492664406,0.06812407794288301,0.679421045501002,1.0002095145284218,0.03834998316462006
0.001,0.8,8,40,-0.17306707200396973,-0.17265741399466394,0.00040965800930578555,0.02033607677759973,0.02014439725940775,1.002566851954957,1.003886948338888,0.04000249426833359
0.001,0.9,8,40,-0.2916199420958808,-0.2916375964288649,1.7654332984062826e-05,0.08548816784997876,0.0002065120054396769,1.002566851954957,1.003886948338888,0.04000249426833359
0.001,0.95,8,40,-0.4358573655041555,-0.43950081430157567,0.003643448797420179,0.23833169905479892,0.015287302578170483,1.002566851954957,1.003886948338888,0.04000249426833359
0.001,0.97,8,40,-0.5354766786325532,-0.5437175129794093,0.008240834346856074,0.38227065507343155,0.02155759077367073,1.002566851954957,1.003886948338888,0.04000249426833359
0.001,0.98,8,40,-0.6008443541664082,-0.6129019954490201,0.012057641282611886,0.4899513786599866,0.024609873158413075,1.002566851954957,1.003886948338888,0.04000249426833359
0.001,0.99,8,40,-0.6803138186847725,-0.697750304412222,0.01743648572744949,0.6325073297072843,0.027567246905294926,1.002566851954957,1.003886948338888,0.04000249426833359
0.001,0.8,9,40,-0.07418232061214665,-0.07567376094721029,0.0014914403350636402,0.01881335653180019,0.07927561105551051,0.975078833099476,0.9911804128893318,0.03275841652966526
0.001,0.9,9,40,-0.12652430925704392,-0.1324843739365142,0.005960064679470273,0.07558454273529125,0.07885295675259081,0.975078833099476,0.9911804128893318,0.03275841652966526
0.001,0.95,9,40,-0.1951102953592634,-0.21171978438642353,0.016609489027160113,0.2039506805028319,0.08143875267398035,0.975078833099476,0.9911804128893318,0.03275841652966526
0.001,0.97,9,40,-0.245549099094173,-0.2723447463560416,0.026795647261868616,0.32290842745981135,0.08298218622740516,0.975078833099476,0.9911804128893318,0.03275841652966526
0.001,0.98,9,40,-0.279779160931772,-0.3142548030730273,0.03447564214125526,0.41131513851323037,0.0838180725996943,0.975078833099476,0.9911804128893318,0.03275841652966526
0.001,0.99,9,40,-0.3224225209714593,-0.3671207752569673,0.044698254285508,0.5278601563026395,0.08467821212078948,0.975078833099476,0.9911804128893318,0.03275841652966526
0.002,0.8,0,40,-0.21231116990201349,-0.2026545164550969,0.009656653446916574,0.03673432670360642,0.2628781935989186,0.9125080535130603,1.001968754314537,0.07770580935615236
0.002,0.9,0,40,-0.4085865844526507,-0.372507956688704,0.03607862776394671,0.15332550861614422,0.23530740637730949,0.9125080535130603,1.001968754314537,0.07770580935615236
0.002,0.95,0,40,-0.6870978494771773,-0.5962537208239519,0.09084412865322544,0.4252745344906487,0.2136129048075485,0.9125080535130603,1.001968754314537,0.07770580935615236
0.002,0.97,0,40,-0.8957426218950294,-0.7563282133708953,0.13941440852413411,0.6807410957294462,0.204797990599855,0.9125080535130603,1.001968754314537,0.07770580935615236
0.002,0.98,0,40,-1.0376149246436042,-0.8627898282896473,0.17482509635395682,0.8716602214908905,0.2005656470762603,0.9125080535130603,1.001968754314537,0.07770580935615236
0.002,0.99,0,40,-1.2141879788446195,-0.9932693083518588,0.2209186704927607,1.1242478483910971,0.19650352972337531,0.9125080535130603,1.001968754314537,0.07770580935615236
0.002,0.8,1,40,-0.2078806364165956,-0.21935852327660582,0.011477886860010222,0.03432181621137662,0.33441956536687173,0.8750271045885966,0.995396264758025,0.07142673138869411
0.002,0.9,1,40,-0.40439094549719173,-0.4516672202975341,0.047276274800342355,0.13990984789846744,0.3379052690747741,0.8750271045885966,0.995396264758025,0.07142673138869411
0.002,0.95,1,40,-0.7000215424708716,-0.8299737914149129,0.12995224894404134,0.3815125807360252,0.3406237579199451,0.8750271045885966,0.995396264758025,0.07142673138869411
0.002,0.97,1,40,-0.931728553281784,-1.1390992739217145,0.20737072063993045,0.6065789269194567,0.3418693123631473,0.8750271045885966,0.995396264758025,0.07142673138869411
0.002,0.98,1,40,-1.0930205935805768,-1.3581931417766753,0.2651725481960985,0.7742020834994826,0.3425107654031206,0.8750271045885966,0.995396264758025,0.07142673138869411
0.002,0.99,1,40,-1.2971632799208983,-1.6387708490366437,0.3416075691157454,0.9954809098155641,0.3431583325681616,0.8750271045885966,0.995396264758025,0.07142673138869411
0.002,0.8,2,40,-0.1926548079577949,-0.2003684203303704,0.007713612372575479,0.03416441308703147,0.22577915660150774,0.8842779404665237,0.9914969642384986,0.06422130039374105
0.002,0.9,2,40,-0.32594342747374316,-0.35322073110361446,0.027277303629871297,0.13740652696363814,0.19851534153897712,0.8842779404665237,0.9914969642384986,0.06422130039374105
0.002,0.95,2,40,-0.4954379637483884,-0.5630918630631508,0.06765389931476246,0.3710546166031959,0.18232868232201846,0.8842779404665237,0.9914969642384986,0.06422130039374105
0.002,0.97,2,40,-0.6167229596310776,-0.7203826774316272,0.10365971780054961,0.5876617711882737,0.1763935019814984,0.8842779404665237,0.9914969642384986,0.06422130039374105
0.002,0.98,2,40,-0.6977684219981136,-0.8277706730326791,0.13000225103456553,0.7486649563089436,0.1736454337004107,0.8842779404665237,0.9914969642384986,0.06422130039374105
0.002,0.99,2,40,-0.7975714039984719,-0.9619525451922715,0.16438114119379954,0.9609343287626539,0.17106386594124984,0.8842779404665237,0.9914969642384986,0.06422130039374105
0.002,0.8,3,40,-0.0368406203086425,-0.03963412039936922,0.002793500090726722,0.019065745796879616,0.14651931901787543,0.4846999677896572,0.9961218241174389,0.0723890765660751
0.002,0.9,3,40,-0.06448645270746081,-0.07741841091182365,0.01293195820436284,0.07791824805054572,0.16596828763364718,0.4846999677896572,0.9961218241174389,0.0723890765660751
0.002,0.95,3,40,-0.10333928539466948,-0.14191307612547363,0.03857379073080415,0.21286277873312423,0.18121435302301428,0.4846999677896572,0.9961218241174389,0.0723890765660751
0.002,0.97,3,40,-0.13290046130135336,-0.19623373537896252,0.06333327407760916,0.3386856066454442,0.18699724120225197,0.4846999677896572,0.9961218241174389,0.0723890765660751
0.002,0.98,3,40,-0.15320423571522623,-0.23521368037222007,0.08200944465699384,0.4324299809362212,0.18964791589945137,0.4846999677896572,0.9961218241174389,0.0723890765660751
0.002,0.99,3,40,-0.17866382304774606,-0.28551220833802415,0.1068483852902781,0.5562113239541776,0.19210034152249766,0.4846999677896572,0.9961218241174389,0.0723890765660751
0.002,0.8,4,40,-0.3411326398633364,-0.3309238059229474,0.010208833940389017,0.05464991292266242,0.1868042123843089,1.3325284407011107,1.0065717988578462,0.08373255138294225
0.002,0.9,4,40,-0.5997409469903723,-0.5629169554825559,0.036823991507816345,0.23208180966518424,0.15866815051529004,1.3325284407011107,1.0065717988578462,0.08373255138294225
0.002,0.95,4,40,-0.9494348373507802,-0.8579212037061024,0.0915136336446778,0.6517379462624552,0.14041476972375827,1.3325284407011107,1.0065717988578462,0.08373255138294225
0.002,0.97,4,40,-1.2076625229983002,-1.0675167957907286,0.14014572720757168,1.0483444933353998,0.13368289536360875,1.3325284407011107,1.0065717988578462,0.08373255138294225
0.002,0.98,4,40,-1.3826868441549587,-1.2069888837932563,0.17569796036170238,1.3454752576141762,0.13058431165300916,1.3325284407011107,1.0065717988578462,0.08373255138294225
0.002,0.99,4,40,-1.6003188585819024,-1.378235839269068,0.22208301931283447,1.7392043389449623,0.1276923098337914,1.3325284407011107,1.0065717988578462,0.08373255138294225
0.002,0.8,5,40,-0.965710925718111,-0.9881754248288006,0.022464499110689595,0.093528885027162,0.24018782116525406,2.097501736644196,1.0262842232802896,0.06352610121197788
0.002,0.9,5,40,-2.0278661130108366,-2.1250278715107616,0.09716175849992492,0.4308971726165373,0.22548711078777678,2.097501736644196,1.0262842232802896,0.06352610121197788
0.002,0.95,5,40,-3.630987957223706,-3.892628719027725,0.2616407618040193,1.2813249497784873,0.20419547894486187,2.097501736644196,1.0262842232802896,0.06352610121197788
0.002,0.97,5,40,-4.864442645247102,-5.27464034332232,0.41019769807521733,2.1071798988490436,0.19466667193402432,2.097501736644196,1.0262842232802896,0.06352610121197788
0.002,0.98,5,40,-5.71231498772687,-6.231465544853919,0.5191505571270492,2.7327794397710576,0.1899716272640509,2.097501736644196,1.0262842232802896,0.06352610121197788
0.002,0.99,5,40,-6.77493826155914,-7.436383736484193,0.6614454749250527,3.567650157000309,0.18540087895871438,2.097501736644196,1.0262842232802896,0.06352610121197788
0.002,0.8,6,40,-0.8017827542340737,-0.8246360564322316,0.022853302198157843,0.09000615985890431,0.2539082017717809,2.1044181973542013,1.016659607207284,0.055712288203815775
0.002,0.9,6,40,-1.8194463456401142,-1.9192839589828115,0.09983761334269725,0.39788164900810746,0.25092289024031594,2.1044181973542013,1.016659607207284,0.055712288203815775
0.002,0.95,6,40,-3.4672188485104583,-3.733698893478632,0.2664800449681737,1.149578789887446,0.2318066819885085,2.1044181973542013,1.016659607207284,0.055712288203815775
0.002,0.97,6,40,-4.770545043828598,-5.185560834555428,0.41501579072683015,1.8697568138333152,0.22196244327409517,2.1044181973542013,1.016659607207284,0.055712288203815775
0.002,0.98,6,40,-5.675614082274818,-6.1988621723556205,0.523248090080803,2.412317187649781,0.2169068366132157,2.1044181973542013,1.016659607207284,0.055712288203815775
0.002,0.99,6,40,-6.816843816187937,-7.480812673788657,0.6639688576007199,3.133835468333153,0.2118710009858547,2.1044181973542013,1.016659607207284,0.055712288203815775
0.002,0.8,7,40,-0.10514539115772285,-0.10089980751788845,0.004245583639834405,0.027173878566940396,0.15623767617036313,0.679421045501002,1.0003405320296566,0.0769122254149923
0.002,0.9,7,40,-0.1794897872314903,-0.16718610520377614,0.012303682027714175,0.11274615790294346,0.10912728430449659,0.679421045501002,1.0003405320296566,0.0769122254149923
0.002,0.95,7,40,-0.2671759441651925,-0.24370209685357883,0.0234738473116137,0.31138226423956455,0.07538594842239922,0.679421045501002,1.0003405320296566,0.0769122254149923
0.002,0.97,7,40,-0.32577556659335777,-0.29474221035289433,0.03103335624046344,0.4975875537503493,0.06236762958913068,0.679421045501002,1.0003405320296566,0.0769122254149923
0.002,0.98,7,40,-0.3635224633086611,-0.3277018034856423,0.0358206598230188,0.6366255042676826,0.05626645427004012,0.679421045501002,1.0003405320296566,0.0769122254149923
0.002,0.99,7,40,-0.40879111495474874,-0.3673509797628379,0.04144013519191081,0.8204723531542195,0.05050765578218276,0.679421045501002,1.0003405320296566,0.0769122254149923
0.002,0.8,8,40,-0.17306707200396973,-0.1724368046813061,0.0006302673226636357,0.04066035359630649,0.015500783119625602,1.002566851954957,1.003815017312367,0.08010700734530683
0.002,0.9,8,40,-0.2916199420958808,-0.2931164232838157,0.0014964811879348838,0.1708807065173814,0.008757461380127585,1.002566851954957,1.003815017312367,0.08010700734530683
0.002,0.95,8,40,-0.4358573655041555,-0.4485659911469038,0.012708625642748328,0.4763048879519398,0.026681703178386564,1.002566851954957,1.003815017312367,0.08010700734530683
0.002,0.97,8,40,-0.5354766786325532,-0.5615140204994963,0.026037341866943065,0.7639081751567929,0.03408438699009717,1.002566851954957,1.003815017312367,0.08010700734530683
0.002,0.98,8,40,-0.6008443541664082,-0.6377325509450641,0.036888196778655846,0.9790558884628279,0.03767731465930139,1.002566851954957,1.003815017312367,0.08010700734530683
0.002,0.99,8,40,-0.6803138186847725,-0.7323250666276623,0.052011247942889804,1.2638778022430792,0.04115211759442435,1.002566851954957,1.003815017312367,0.08010700734530683
0.002,0.8,9,40,-0.07418232061214665,-0.07732128693016843,0.0031389663180217825,0.0376156051381766,0.08344851309692217,0.975078833099476,0.9911035696563254,0.06547043347804159
0.002,0.9,9,40,-0.12652430925704392,-0.13953542960879525,0.013011120351751337,0.15108510152318994,0.08611782512357297,0.975078833099476,0.9911035696563254,0.06547043347804159
0.002,0.95,9,40,-0.1951102953592634,-0.23216661850798412,0.037056323148720705,0.4075977705623321,0.09091394954785173,0.975078833099476,0.9911035696563254,0.06547043347804159
0.002,0.97,9,40,-0.245549099094173,-0.3057783144665108,0.06022921537233783,0.6452874170480443,0.09333703677016457,0.975078833099476,0.9911035696563254,0.06547043347804159
0.002,0.98,9,40,-0.279779160931772,-0.3575274132972001,0.0777482523654281,0.8219261727194723,0.09459274439234092,0.975078833099476,0.9911035696563254,0.06547043347804159
0.002,0.99,9,40,-0.3224225209714593,-0.4235278540267062,0.10110533305524688,1.0547801771680851,0.09585441141555999,0.975078833099476,0.9911035696563254,0.06547043347804159
0.004,0.8,0,40,-0.21231116990201349,-0.19359956324237385,0.01871160665963964,0.07331221865353998,0.25523176086195454,0.9125080535130603,1.0014359113772233,0.15439585955389223
0.004,0.9,0,40,-0.4085865844526507,-0.3404259568258551,0.06816062762679564,0.3053983905366231,0.22318594248983734,0.9125080535130603,1.0014359113772233,0.15439585955389223
0.004,0.95,0,40,-0.6870978494771773,-0.519102917236121,0.16799493224105633,0.8458820973932134,0.1986032483235815,0.9125080535130603,1.0014359113772233,0.15439585955389223
0.004,0.97,0,40,-0.8957426218950294,-0.6403973031692978,0.25534531872573163,1.353257777742319,0.18868934132544354,0.9125080535130603,1.0014359113772233,0.15439585955389223
0.004,0.98,0,40,-1.0376149246436042,-0.7189677919928578,0.3186471326507464,1.7323303005855262,0.18394132605256858,0.9125080535130603,1.0014359113772233,0.15439585955389223
0.004,0.99,0,40,-1.2141879788446195,-0.8134722074130322,0.4007157714315873,2.2337556316000895,0.17939105144842796,0.9125080535130603,1.0014359113772233,0.15439585955389223
0.004,0.8,1,40,-0.2078806364165956,-0.23151292752495312,0.023632291108357517,0.08194726525921373,0.288384133791462,1.0450073963462003,0.9952997394638502,0.141478671913427
0.004,0.9,1,40,-0.40439094549719173,-0.50382436176545,0.09943341626825825,0.33393784738392707,0.29776024804382245,1.0450073963462003,0.9952997394638502,0.141478671913427
0.004,0.95,1,40,-0.7000215424708716,-0.9772760153758552,0.2772544729049836,0.9103745385950763,0.30454989803740884,1.0450073963462003,0.9952997394638502,0.141478671913427
0.004,0.97,1,40,-0.931728553281784,-1.3765599647872377,0.4448314115054537,1.4472923918477507,0.3073542112230271,1.0450073963462003,0.9952997394638502,0.141478671913427
0.004,0.98,1,40,-1.0930205935805768,-1.6632813602097305,0.5702607666291537,1.8471540393036388,0.30872399079620727,1.0450073963462003,0.9952997394638502,0.141478671913427
0.004,0.99,1,40,-1.2971632799208983,-2.0335476795141267,0.7363843995932284,2.3749933985872116,0.31005745112019006,1.0450073963462003,0.9952997394638502,0.141478671913427
0.004,0.8,2,40,-0.1926548079577949,-0.2086663645284736,0.01601155657067868,0.06832900872274268,0.23433029206743608,0.8842779404665237,0.99149765862297,0.12825265365491925
0.004,0.9,2,40,-0.32594342747374316,-0.3843095788530094,0.05836615137926626,0.27481443673077205,0.21238386190186193,0.8842779404665237,0.99149765862297,0.12825265365491925
0.004,0.95,2,40,-0.4954379637483884,-0.643647415199314,0.14820945145092562,0.7421142368860149,0.1997124486828702,0.8842779404665237,0.99149765862297,0.12825265365491925
0.004,0.97,2,40,-0.6167229596310776,-0.8460636938788656,0.229340734247788,1.1753322714654288,0.19512842437470146,0.8842779404665237,0.99149765862297,0.12825265365491925
0.004,0.98,2,40,-0.6977684219981136,-0.9867797864542941,0.2890113644561805,1.4973415233818321,0.1930163292362531,0.8842779404665237,0.99149765862297,0.12825265365491925
0.004,0.99,2,40,-0.7975714039984719,-1.1647237605818976,0.3671523565834257,1.921884162808054,0.1910377137646951,0.8842779404665237,0.99149765862297,0.12825265365491925
0.004,0.8,3,40,-0.0368406203086425,-0.043052431676790584,0.006211811368148086,0.04501076486364257,0.13800723864538625,0.5727049807128524,0.9958715486607302,0.14418349495655602
0.004,0.9,3,40,-0.06448645270746081,-0.09484654603510628,0.03036009332764547,0.18378881999235264,0.16519009877156152,0.5727049807128524,0.9958715486607302,0.14418349495655602
0.004,0.95,3,40,-0.10333928539466948,-0.19662793933839345,0.09328865394372397,0.5017683205947191,0.18591977634848275,0.5727049807128524,0.9958715486607302,0.14418349495655602
0.004,0.97,3,40,-0.13290046130135336,-0.28770579881496416,0.1548053375136108,0.798160472035799,0.19395264854292046,0.5727049807128524,0.9958715486607302,0.14418349495655602
0.004,0.98,3,40,-0.15320423571522623,-0.35465115657657126,0.20144692086134502,1.0189591217650533,0.19769872663036397,0.5727049807128524,0.9958715486607302,0.14418349495655602
0.004,0.99,3,40,-0.17866382304774606,-0.44235180099425503,0.263687977946509,1.3104805122166552,0.2012147265742131,0.5727049807128524,0.9958715486607302,0.14418349495655602
0.004,0.8,4,40,-0.3411326398633364,-0.321359321518387,0.019773318344949442,0.10917691531018173,0.18111263071292694,1.3325284407011107,1.0062956904602398,0.16634810437074973
0.004,0.9,4,40,-0.5997409469903723,-0.5304534285037853,0.06928751848658699,0.463152869750583,0.1495996743448868,1.3325284407011107,1.0062956904602398,0.16634810437074973
0.004,0.95,4,40,-0.9494348373507802,-0.7814349410915408,0.1679998962592394,1.2996581357374417,0.12926468248814849,1.3325284407011107,1.0062956904602398,0.16634810437074973
0.004,0.97,4,40,-1.2076625229983002,-0.9531738430786345,0.25448867991966573,2.0899294819149197,0.12176902719535199,1.3325284407011107,1.0062956904602398,0.16634810437074973
0.004,0.98,4,40,-1.3826868441549587,-1.0653692399023302,0.31731760425262845,2.681898595842784,0.11831827077448158,1.3325284407011107,1.0062956904602398,0.16634810437074973
0.004,0.99,4,40,-1.6003188585819024,-1.2013651744763976,0.3989536841055048,3.466243942066765,0.1150968283748739,1.3325284407011107,1.0062956904602398,0.16634810437074973
0.004,0.8,5,40,-0.965710925718111,-1.0113776389781077,0.045666713259996716,0.18983306842695066,0.24056247754099622,2.1329345934869886,1.025825655339951,0.12356907644635644
0.004,0.9,5,40,-2.0278661130108366,-2.2264733947382425,0.19860728172740583,0.8727991704187357,0.2275520972735591,2.1329345934869886,1.025825655339951,0.12356907644635644
0.004,0.95,5,40,-3.630987957223706,-4.166994776051679,0.536006818827973,2.5917249147059396,0.2068147031293979,2.1329345934869886,1.025825655339951,0.12356907644635644
0.004,0.97,5,40,-4.864442645247102,-5.705305643571094,0.8408629983239919,4.259892756174055,0.19739064958977928,2.1329345934869886,1.025825655339951,0.12356907644635644
0.004,0.98,5,40,-5.71231498772687,-6.77677923970075,1.06446425197388,5.523224481847789,0.19272514732513002,2.1329345934869886,1.025825655339951,0.12356907644635644
0.004,0.99,5,40,-6.77493826155914,-8.131438029318968,1.3564997677598276,7.208872162377306,0.18817087294727222,2.1329345934869886,1.025825655339951,0.12356907644635644
0.004,0.8,6,40,-0.8017827542340737,-0.8481999418910362,0.046417187656962455,0.18575475884267156,0.24988424493757574,2.174375743712289,1.01635308883064,0.10867687142484458
0.004,0.9,6,40,-1.8194463456401142,-2.0229644189364677,0.20351807329635352,0.8201091548192221,0.2481597383719187,2.174375743712289,1.01635308883064,0.10867687142484458
0.004,0.95,6,40,-3.4672188485104583,-4.011176893572484,0.543958045062026,2.367389565601411,0.2297712438061875,2.174375743712289,1.01635308883064,0.10867687142484458
0.004,0.97,6,40,-4.770545043828598,-5.618103315098236,0.8475582712696381,3.8491644817213126,0.22019279126534427,2.174375743712289,1.01635308883064,0.10867687142484458
0.004,0.98,6,40,-5.675614082274818,-6.744450060014313,1.0688359777394956,4.965296613921714,0.21526125443194874,2.174375743712289,1.01635308883064,0.10867687142484458
0.004,0.99,6,40,-6.816843816187937,-8.173433041210748,1.3565892250228107,6.449409774082318,0.21034315891578445,2.174375743712289,1.01635308883064,0.10867687142484458
0.004,0.8,7,40,-0.10514539115772285,-0.09733626662550923,0.007809124532213621,0.05438280604295447,0.14359546887017108,0.679421045501002,1.000502494058247,0.1545728329381925
0.004,0.9,7,40,-0.1794897872314903,-0.16003331367928092,0.01945647355220939,0.2257709750263519,0.08617792233894742,0.679421045501002,1.000502494058247,0.1545728329381925
0.004,0.95,7,40,-0.2671759441651925,-0.23922425434091563,0.0279516898242769,0.6237989136576295,0.04480881452707709,0.679421045501002,1.000502494058247,0.1545728329381925
0.004,0.97,7,40,-0.32577556659335777,-0.2971417720098823,0.02863379458347548,0.9969956480599818,0.028720079810973055,0.679421045501002,1.000502494058247,0.1545728329381925
0.004,0.98,7,40,-0.3635224633086611,-0.3365466662385783,0.026975797070082796,1.2756823566010493,0.021146170855539295,0.679421045501002,1.000502494058247,0.1545728329381925
0.004,0.99,7,40,-0.40879111495474874,-0.38581557994644705,0.022975535008301684,1.644203884616204,0.013973653281852402,0.679421045501002,1.000502494058247,0.1545728329381925
0.004,0.8,8,40,-0.17306707200396973,-0.17256663971102182,0.000500432292947911,0.08129133557020993,0.006156034827545628,1.002566851954957,1.0037254370647875,0.16038923717559916
0.004,0.9,8,40,-0.2916199420958808,-0.3005397264870195,0.008919784391138663,0.3415234876935006,0.026117630887933837,1.002566851954957,1.0037254370647875,0.16038923717559916
0.004,0.95,8,40,-0.4358573655041555,-0.48337692213723327,0.047519556633077775,0.9517180114098441,0.049930290341656816,1.002566851954957,1.0037254370647875,0.16038923717559916
0.004,0.97,8,40,-0.5354766786325532,-0.6265737339047882,0.091097055272235,1.5262416052390995,0.05968717859579239,1.002566851954957,1.0037254370647875,0.16038923717559916
0.004,0.98,8,40,-0.6008443541664082,-0.7268223926411708,0.12597803847476252,1.9560055058082344,0.06440576884915647,1.002566851954957,1.0037254370647875,0.16038923717559916
0.004,0.99,8,40,-0.6803138186847725,-0.8544300940933629,0.17411627540859043,2.5249281916081583,0.06895890187581676,1.002566851954957,1.0037254370647875,0.16038923717559916
0.004,0.8,9,40,-0.07418232061214665,-0.08108404788330868,0.006901727271162034,0.07516604744807358,0.09181974449208473,0.975078833099476,0.9908779166575469,0.13068099862429874
0.004,0.9,9,40,-0.12652430925704392,-0.1568963556509667,0.030372046393922797,0.30167791941059463,0.1006770613283942,0.975078833099476,0.9908779166575469,0.13068099862429874
0.004,0.95,9,40,-0.1951102953592634,-0.2844931833092741,0.08938288795001068,0.8134167650837378,0.10988572130156314,0.975078833099476,0.9908779166575469,0.13068099862429874
0.004,0.97,9,40,-0.245549099094173,-0.39240150642864535,0.14685240733447236,1.2874732519029952,0.11406249187500554,0.975078833099476,0.9908779166575469,0.13068099862429874
0.004,0.98,9,40,-0.279779160931772,-0.47024109854828433,0.1904619376165123,1.6397278050778705,0.11615460628690583,0.975078833099476,0.9908779166575469,0.13068099862429874
0.004,0.99,9,40,-0.3224225209714593,-0.5711550080489963,0.24873248707753703,2.1040535312907727,0.1182158549573343,0.975078833099476,0.9908779166575469,0.13068099862429874
0.008,0.8,0,40,-0.21231116990201349,-0.1773316609914956,0.034979508910517876,0.14627870139531993,0.23912920047044536,0.9125080535130603,1.0008444821331133,0.3064693808525317
0.008,0.9,0,40,-0.4085865844526507,-0.28894515586121616,0.11964142859143456,0.6080369963764634,0.19676669233027905,0.9125080535130603,1.0008444821331133,0.3064693808525317
0.008,0.95,0,40,-0.6870978494771773,-0.4093401829406382,0.27775766653653916,1.6814985944942757,0.16518459631545337,0.9125080535130603,1.0008444821331133,0.3064693808525317
0.008,0.97,0,40,-0.8957426218950294,-0.48563810746307223,0.41010451443195717,2.6884349860512313,0.1525439583102279,0.9125080535130603,1.0008444821331133,0.3064693808525317
0.008,0.98,0,40,-1.0376149246436042,-0.5335674323667764,0.5040474922768278,3.440505985991571,0.1465038846986801,0.9125080535130603,1.0008444821331133,0.3064693808525317
0.008,0.99,0,40,-1.2141879788446195,-0.5900659588458215,0.624122019998798,4.4351225942169,0.14072260839251904,0.9125080535130603,1.0008444821331133,0.3064693808525317
0.008,0.8,1,40,-0.2078806364165956,-0.2578360834574752,0.04995544704087962,0.2170815257997287,0.2301229773323348,1.385053315299825,0.9951293575485858,0.2766148000624452
0.008,0.9,1,40,-0.40439094549719173,-0.6224409783288885,0.21805003283169672,0.8840872171632497,0.2466385992225392,1.385053315299825,0.9951293575485858,0.2766148000624452
0.008,0.95,1,40,-0.7000215424708716,-1.322119250376561,0.6220977079056895,2.409142158471286,0.25822374396554487,1.385053315299825,0.9951293575485858,0.2766148000624452
0.008,0.97,1,40,-0.931728553281784,-1.938196550717176,1.0064679974353918,3.8293409330274355,0.26283060585041434,1.385053315299825,0.9951293575485858,0.2766148000624452
0.008,0.98,1,40,-1.0930205935805768,-2.3882250751033967,1.2952044815228199,4.886920446798968,0.2650349019639157,1.385053315299825,0.9951293575485858,0.2766148000624452
0.008,0.99,1,40,-1.2971632799208983,-2.9756356372220982,1.6784723573012,6.282905164659758,0.2671490836344806,1.385053315299825,0.9951293575485858,0.2766148000624452
0.008,0.8,2,40,-0.1926548079577949,-0.22699981654754184,0.03434500858974693,0.16295157690810885,0.2107681879575468,1.0544109979516274,0.991499044397424,0.25470150374253403
0.008,0.9,2,40,-0.32594342747374316,-0.45769058187352557,0.1317471543997824,0.6553827955262875,0.20102321162395848,1.0544109979516274,0.991499044397424,0.25470150374253403
0.008,0.95,2,40,-0.4954379637483884,-0.8424250230879416,0.34698705933955326,1.7698144589837983,0.19605843854320648,1.0544109979516274,0.991499044397424,0.25470150374253403
0.008,0.97,2,40,-0.6167229596310776,-1.1615641894775248,0.5448412298464472,2.802968581008007,0.19438007030764176,1.0544109979516274,0.991499044397424,0.25470150374253403
0.008,0.98,2,40,-0.6977684219981136,-1.3891906482878744,0.6914222262897608,3.5709084901214156,0.19362641977595219,1.0544109979516274,0.991499044397424,0.25470150374253403
0.008,0.99,2,40,-0.7975714039984719,-1.681845402704595,0.8842739987061231,4.583374374260422,0.19293078123229035,1.0544109979516274,0.991499044397424,0.25470150374253403
0.008,0.8,3,40,-0.0368406203086425,-0.05177302460964191,0.01493240430099941,0.13879363857824764,0.1075870944371919,0.8851149588688485,0.9952553635302783,0.28541225166628714
0.008,0.9,3,40,-0.06448645270746081,-0.14337456830335008,0.07888811559588926,0.5655008570650573,0.13950131924700812,0.8851149588688485,0.9952553635302783,0.28541225166628714
0.008,0.95,3,40,-0.10333928539466948,-0.355405384307269,0.2520660989125995,1.541483797228908,0.1635217310527255,0.8851149588688485,0.9952553635302783,0.28541225166628714
0.008,0.97,3,40,-0.13290046130135336,-0.5568529741393088,0.42395251283795543,2.450505669218247,0.17300613426991315,0.8851149588688485,0.9952553635302783,0.28541225166628714
0.008,0.98,3,40,-0.15320423571522623,-0.7082965479562534,0.5550923122410272,3.1274708566401306,0.17748920379624822,0.8851149588688485,0.9952553635302783,0.28541225166628714
0.008,0.99,3,40,-0.17866382304774606,-0.9094655679900713,0.7308017449423252,4.0210890512213435,0.1817422433657259,0.8851149588688485,0.9952553635302783,0.28541225166628714
0.008,0.8,4,40,-0.3411326398633364,-0.30421617571158766,0.03691646415174876,0.21780646558613892,0.16949204906476434,1.3325284407011107,1.0056786824052821,0.32857438056096633
0.008,0.9,4,40,-0.5997409469903723,-0.47963429291351206,0.12010665407686022,0.9218159064952033,0.13029353608521746,1.3325284407011107,1.0056786824052821,0.32857438056096633
0.008,0.95,4,40,-0.9494348373507802,-0.6787289887718161,0.27070584857896407,2.5823794435182315,0.1048280682602378,1.3325284407011107,1.0056786824052821,0.32857438056096633
0.008,0.97,4,40,-1.2076625229983002,-0.8119058119216636,0.3957567110766367,4.149884824862641,0.09536570959887687,1.3325284407011107,1.0056786824052821,0.32857438056096633
0.008,0.98,4,40,-1.3826868441549587,-0.8982845653704047,0.484402278784554,5.323665709724297,0.09099036363228755,1.3325284407011107,1.0056786824052821,0.32857438056096633
0.008,0.99,4,40,-1.6003188585819024,-1.0026215624038026,0.5976972961780997,6.878565917571503,0.08689271911333496,1.3325284407011107,1.0056786824052821,0.32857438056096633
0.008,0.8,5,40,-0.965710925718111,-1.0599573121965755,0.0942463864784645,0.39973094022688244,0.2357745598200915,2.2457546649662774,1.0258158019795804,0.2327596727033604
0.008,0.9,5,40,-2.0278661130108366,-2.4416039715736066,0.41373785856277,1.8377703088532016,0.22513034222483935,2.2457546649662774,1.0258158019795804,0.2327596727033604
0.008,0.95,5,40,-3.630987957223706,-4.751505692409194,1.120517735185488,5.456984200448002,0.20533644482487176,2.2457546649662774,1.0258158019795804,0.2327596727033604
0.008,0.97,5,40,-4.864442645247102,-6.623955639507901,1.759512994260799,8.969277594197377,0.19617109357827278,2.2457546649662774,1.0258158019795804,0.2327596727033604
0.008,0.98,5,40,-5.71231498772687,-7.940587139718337,2.228272151991467,11.629181672176507,0.19161040000972188,2.2457546649662774,1.0258158019795804,0.2327596727033604
0.008,0.99,5,40,-6.77493826155914,-9.615491162497696,2.8405529009385555,15.178245447997673,0.18714632799097894,2.2457546649662774,1.0258158019795804,0.2327596727033604
0.008,0.8,6,40,-0.8017827542340737,-0.8974159028247537,0.09563314859067995,0.39720903118557155,0.24076277496822884,2.3324758141179607,1.0155735010205817,0.20675354977035287
0.008,0.9,6,40,-1.8194463456401142,-2.241416333274866,0.4219699876347518,1.7480664130287484,0.24139242335972513,2.3324758141179607,1.0155735010205817,0.20675354977035287
0.008,0.95,6,40,-3.4672188485104583,-4.597890341030554,1.1306714925200954,5.034722252053345,0.2245747502871615,2.3324758141179607,1.0155735010205817,0.20675354977035287
0.008,0.97,6,40,-4.770545043828598,-6.5339909526230775,1.7634459087944796,8.178856165843689,0.21561033389472398,2.3324758141179607,1.0155735010205817,0.20675354977035287
0.008,0.98,6,40,-5.675614082274818,-7.900552621020982,2.224938538746165,10.546107748252005,0.2109724831054323,2.3324758141179607,1.0155735010205817,0.20675354977035287
0.008,0.99,6,40,-6.816843816187937,-9.642204519693532,2.825360703505595,13.692945078415951,0.20633696310950536,2.3324758141179607,1.0155735010205817,0.20675354977035287
0.008,0.8,7,40,-0.10514539115772285,-0.09230360667143787,0.01284178448628498,0.1426632085896684,0.0900146899346758,0.8903029286821521,1.0007461671562194,0.30960757557012475
0.008,0.9,7,40,-0.1794897872314903,-0.16215131145017905,0.017338475781311258,0.5927953854781705,0.029248668606496334,0.8903029286821521,1.0007461671562194,0.30960757557012475
0.008,0.95,7,40,-0.2671759441651925,-0.292158455184248,0.024982511019055464,1.638925108177294,0.01524322917161199,0.8903029286821521,1.0007461671562194,0.30960757557012475
0.008,0.97,7,40,-0.32577556659335777,-0.41168177722047306,0.08590621062711529,2.620099155197267,0.03278738915537241,0.8903029286821521,1.0007461671562194,0.30960757557012475
0.008,0.98,7,40,-0.3635224633086611,-0.5013442959983604,0.13782183268969928,3.3528904658830063,0.04110537880437528,0.8903029286821521,1.0007461671562194,0.30960757557012475
0.008,0.99,7,40,-0.40879111495474874,-0.620665653572786,0.2118745386180373,4.32197735757379,0.04902259338465771,0.8903029286821521,1.0007461671562194,0.30960757557012475
0.008,0.8,8,40,-0.17306707200396973,-0.17514110760541038,0.002074035601440649,0.17817796881436843,0.011640247193531803,1.0987943371439262,1.0037121180027393,0.3193233660894049
0.008,0.9,8,40,-0.2916199420958808,-0.3337419398030644,0.042121997707183556,0.7485290986995186,0.05627302636646402,1.0987943371439262,1.0037121180027393,0.3193233660894049
0.008,0.95,8,40,-0.4358573655041555,-0.6219266758826664,0.18606931037851088,2.0858395494881883,0.08920595566622923,1.0987943371439262,1.0037121180027393,0.3193233660894049
0.008,0.97,8,40,-0.5354766786325532,-0.8786179063233157,0.3431412276907625,3.3449511944372694,0.10258482343820569,1.0987943371439262,1.0037121180027393,0.3193233660894049
0.008,0.98,8,40,-0.6008443541664082,-1.068228351812261,0.4673839976458528,4.286804376084452,0.10902853422781081,1.0987943371439262,1.0037121180027393,0.3193233660894049
0.008,0.99,8,40,-0.6803138186847725,-1.3179517886808925,0.63763796999612,5.533626626927368,0.11522966997688068,1.0987943371439262,1.0037121180027393,0.3193233660894049
0.008,0.8,9,40,-0.07418232061214665,-0.09047495304204407,0.016292632429897425,0.14991698914583523,0.10867769238647387,0.975078833099476,0.9901565960879741,0.25962483988595825
0.008,0.9,9,40,-0.12652430925704392,-0.20451460449636408,0.07799029523932016,0.6002276879057071,0.12993451786844604,0.975078833099476,0.9901565960879741,0.25962483988595825
0.008,0.95,9,40,-0.1951102953592634,-0.43410976166714565,0.23899946630788224,1.6155456504005818,0.14793730294691534,0.975078833099476,0.9901565960879741,0.25962483988595825
0.008,0.97,9,40,-0.245549099094173,-0.6431472590551389,0.3975981599609659,2.5552734620571944,0.15559906439167118,0.975078833099476,0.9901565960879741,0.25962483988595825
0.008,0.98,9,40,-0.279779160931772,-0.7981955034089394,0.5184163424771674,3.2532996425433915,0.15935093580002227,0.975078833099476,0.9901565960879741,0.25962483988595825
0.008,0.99,9,40,-0.3224225209714593,-1.0026411584031139,0.6802186374316546,4.17319228928971,0.1629971950196021,0.975078833099476,0.9901565960879741,0.25962483988595825
0.016,0.8,0,40,-0.21231116990201349,-0.15243457088822274,0.05987659901379075,0.38979559537906566,0.1536102504071714,1.218409592083954,1.000306387401076,0.607382142067593
0.016,0.9,0,40,-0.4085865844526507,-0.24210432773814813,0.1664822567145026,1.6170857161626904,0.10295202972268001,1.218409592083954,1.000306387401076,0.607382142067593
0.016,0.95,0,40,-0.6870978494771773,-0.3955583102514199,0.2915395392257574,4.465666806583734,0.06528466001895632,1.218409592083954,1.000306387401076,0.607382142067593
0.016,0.97,0,40,-0.8957426218950294,-0.5380512667336779,0.35769135516135153,7.135864070594097,0.050125864453521164,1.218409592083954,1.000306387401076,0.607382142067593
0.016,0.98,0,40,-1.0376149246436042,-0.646336207816855,0.3912787168267492,9.12964242711028,0.04285805495129309,1.218409592083954,1.000306387401076,0.607382142067593
0.016,0.99,0,40,-1.2141879788446195,-0.7919770999892858,0.4222108788553337,11.765941643485696,0.03588415544191433,1.218409592083954,1.000306387401076,0.607382142067593
0.016,0.8,1,40,-0.2078806364165956,-0.3184288737163524,0.11054823729975682,0.638879455199972,0.17303457858909355,2.0405345739762684,0.9948272939266583,0.5239684502670651
0.016,0.9,1,40,-0.40439094549719173,-0.9144424288385673,0.5100514833413756,2.599159699355336,0.19623706979909028,2.0405345739762684,0.9948272939266583,0.5239684502670651
0.016,0.95,1,40,-0.7000215424708716,-2.199857967732419,1.4998364252615473,7.0773235291678045,0.2119214162077323,2.0405345739762684,0.9948272939266583,0.5239684502670651
0.016,0.97,1,40,-0.931728553281784,-3.38306583457939,2.4513372812976058,11.246014428504461,0.21797386948787636,2.0405345739762684,0.9948272939266583,0.5239684502670651
0.016,0.98,1,40,-1.0930205935805768,-4.261827283284866,3.1688066897042892,14.34983270904137,0.22082534019422578,2.0405345739762684,0.9948272939266583,0.5239684502670651
0.016,0.99,1,40,-1.2971632799208983,-5.420490638010069,4.1233273580891705,18.446406110622963,0.22353011927426983,2.0405345739762684,0.9948272939266583,0.5239684502670651
0.016,0.8,2,40,-0.1926548079577949,-0.270514464704375,0.0778596567465801,0.4866727186096694,0.15998360657858574,1.574540204783619,0.9915018039685578,0.4964866504180909
0.016,0.9,2,40,-0.32594342747374316,-0.6479438563782592,0.3220004289045161,1.9573908068698633,0.16450492552350288,1.574540204783619,0.9915018039685578,0.4964866504180909
0.016,0.95,2,40,-0.4954379637483884,-1.3852972867393307,0.8898593229909424,5.28583009471795,0.16834807533449958,1.574540204783619,0.9915018039685578,0.4964866504180909
0.016,0.97,2,40,-0.6167229596310776,-2.0396190334914586,1.422896073860381,8.371530646394095,0.1699684482996274,1.574540204783619,0.9915018039685578,0.4964866504180909
0.016,0.98,2,40,-0.6977684219981136,-2.518891667901491,1.8211232459033773,10.665124451600384,0.17075499251488843,1.574540204783619,0.9915018039685578,0.4964866504180909
0.016,0.99,2,40,-0.7975714039984719,-3.145428324968002,2.34785692096953,13.689042759872674,0.17151359391263735,1.574540204783619,0.9915018039685578,0.4964866504180909
0.016,0.8,3,40,-0.0368406203086425,-0.07680055752650863,0.039959937217866136,0.4766850092686906,0.0838288103063508,1.5226228353952922,0.9948061301303649,0.5552727379596407
0.016,0.9,3,40,-0.06448645270746081,-0.296088233368067,0.2316017806606062,1.939159238047916,0.11943412181753142,1.5226228353952922,0.9948061301303649,0.5552727379596407
0.016,0.95,3,40,-0.10333928539466948,-0.8752401423731313,0.7719008569784618,5.279908264436721,0.1461958841553492,1.5226228353952922,0.9948061301303649,0.5552727379596407
0.016,0.97,3,40,-0.13290046130135336,-1.4493705280836477,1.3164700667822944,8.389705632421604,0.1569149293742632,1.5226228353952922,0.9948061301303649,0.5552727379596407
0.016,0.98,3,40,-0.15320423571522623,-1.8877317072769928,1.7345274715617665,10.705094668866554,0.16202822349682375,1.5226228353952922,0.9948061301303649,0.5552727379596407
0.016,0.99,3,40,-0.17866382304774606,-2.47556140592342,2.296897582875674,13.761038755504428,0.16691309600134022,1.5226228353952922,0.9948061301303649,0.5552727379596407
0.016,0.8,4,40,-0.3411326398633364,-0.2782725371198902,0.06286010274344622,0.4526899910798511,0.13885905140844648,1.3904380667761556,1.0046707325129427,0.6468828729132224
0.016,0.9,4,40,-0.5997409469903723,-0.442663334024094,0.15707761296627826,1.9086152896876194,0.08229925318893727,1.3904380667761556,1.0046707325129427,0.6468828729132224
0.016,0.95,4,40,-0.9494348373507802,-0.7169517133425398,0.23248312400824034,5.332241507214022,0.04359951133003119,1.3904380667761556,1.0046707325129427,0.6468828729132224
0.016,0.97,4,40,-1.2076625229983002,-0.9618199040324575,0.2458426189658427,8.559722903374189,0.028720861848101777,1.3904380667761556,1.0046707325129427,0.6468828729132224
0.016,0.98,4,40,-1.3826868441549587,-1.1442154432797433,0.23847140087521534,10.975216996185132,0.021728171840074365,1.3904380667761556,1.0046707325129427,0.6468828729132224
0.016,0.99,4,40,-1.6003188585819024,-1.3862174055281713,0.21410145305373107,14.173894071697362,0.015105337458479529,1.3904380667761556,1.0046707325129427,0.6468828729132224
0.016,0.8,5,40,-0.965710925718111,-1.1655205797366521,0.19980965401854112,0.9217682245789142,0.2167677824974049,2.5970397525201907,1.0251400463275488,0.41661113484665263
0.016,0.9,5,40,-2.0278661130108366,-2.9172434499179607,0.8893773369071241,4.22518901127819,0.21049409494655308,2.5970397525201907,1.0251400463275488,0.41661113484665263
0.016,0.95,5,40,-3.630987957223706,-6.0513265450731675,2.4203385878494617,12.520162406470872,0.19331527094237558,2.5970397525201907,1.0251400463275488,0.41661113484665263
0.016,0.97,5,40,-4.864442645247102,-8.67052089669643,3.8060782514493283,20.562349135514246,0.18509938851663904,2.5970397525201907,1.0251400463275488,0.41661113484665263
0.016,0.98,5,40,-5.71231498772687,-10.535478906774014,4.823163919047143,26.65042596368124,0.18097886786575462,2.5970397525201907,1.0251400463275488,0.41661113484665263
0.016,0.99,5,40,-6.77493826155914,-12.92708035925483,6.15214209769569,34.77162061076797,0.17692997880548927,2.5970397525201907,1.0251400463275488,0.41661113484665263
0.016,0.8,6,40,-0.8017827542340737,-1.00393112889563,0.20214837466155633,0.918157245247342,0.22016748842089642,2.715086391497237,1.013879786038067,0.38443143686326475
0.016,0.9,6,40,-1.8194463456401142,-2.720251084496782,0.900804738856668,4.012901880117061,0.22447714042546946,2.715086391497237,1.013879786038067,0.38443143686326475
0.016,0.95,6,40,-3.4672188485104583,-5.891481274946279,2.4242624264358206,11.501694798218184,0.21077436577532746,2.715086391497237,1.013879786038067,0.38443143686326475
0.016,0.97,6,40,-4.770545043828598,-8.558775793273682,3.788230749445084,18.649128053467397,0.2031317892495647,2.715086391497237,1.013879786038067,0.38443143686326475
0.016,0.98,6,40,-5.675614082274818,-10.460088452430767,4.78447437015595,24.025414899360985,0.199142216282109,2.715086391497237,1.013879786038067,0.38443143686326475
0.016,0.99,6,40,-6.816843816187937,-12.898903905957392,6.082060089769454,31.167899636206318,0.19513859325651203,2.715086391497237,1.013879786038067,0.38443143686326475
0.016,0.8,7,40,-0.10514539115772285,-0.09089782369578632,0.014247567461936533,0.5084230096594342,0.028023057948302198,1.5869336817842492,1.000666564739756,0.6081963354364994
0.016,0.9,7,40,-0.1794897872314903,-0.23593144028558324,0.05644165305409293,2.1119894168264004,0.026724401459788317,1.5869336817842492,1.000666564739756,0.6081963354364994
0.016,0.95,7,40,-0.2671759441651925,-0.6607496075620121,0.39357366339681954,5.837880950786675,0.06741721297755894,1.5869336817842492,1.000666564739756,0.6081963354364994
0.016,0.97,7,40,-0.32577556659335777,-1.106074250965318,0.7802986843719604,9.332068370831516,0.08361476291910551,1.5869336817842492,1.000666564739756,0.6081963354364994
0.016,0.98,7,40,-0.3635224633086611,-1.4541118204725985,1.0905893571639373,11.941597846307006,0.09132692050094511,1.5869336817842492,1.000666564739756,0.6081963354364994
0.016,0.99,7,40,-0.40879111495474874,-1.9278508650161763,1.5190597500614276,15.39250214166103,0.09868829226600993,1.5869336817842492,1.000666564739756,0.6081963354364994
0.016,0.8,8,40,-0.17306707200396973,-0.18970807701278108,0.016641005008811355,0.5918254504687255,0.02811809629956212,1.8249980797183678,1.0036913507280065,0.6192703039412031
0.016,0.9,8,40,-0.2916199420958808,-0.4741776092106575,0.18255766711477667,2.4860771059560807,0.07343202134696854,1.8249980797183678,1.0036913507280065,0.6192703039412031
0.016,0.95,8,40,-0.4358573655041555,-1.1721220904142131,0.7362647249100576,6.927278311142184,0.10628484836906468,1.8249980797183678,1.0036913507280065,0.6192703039412031
0.016,0.97,8,40,-0.5354766786325532,-1.86162340736956,1.3261467287370068,11.108668184293583,0.11937945276032552,1.8249980797183678,1.0036913507280065,0.6192703039412031
0.016,0.98,8,40,-0.6008443541664082,-2.3893446680718933,1.7885003139054851,14.23643815291212,0.1256283555405774,1.8249980797183678,1.0036913507280065,0.6192703039412031
0.016,0.99,8,40,-0.6803138186847725,-3.098798751420061,2.4184849327352884,18.376940613844187,0.1316043286831614,1.8249980797183678,1.0036913507280065,0.6192703039412031
0.016,0.8,9,40,-0.07418232061214665,-0.11665755367057927,0.04247523305843262,0.48531588604594517,0.08752079682471277,1.5862786937839413,0.9888324130866017,0.507138097660131
0.016,0.9,9,40,-0.12652430925704392,-0.3498812431507556,0.22335693389371167,1.9344850755860796,0.11546066532771906,1.5862786937839413,0.9888324130866017,0.507138097660131
0.016,0.95,9,40,-0.1951102953592634,-0.905391767083105,0.7102814717238416,5.1900551136510735,0.1368543216151276,1.5862786937839413,0.9888324130866017,0.507138097660131
0.016,0.97,9,40,-0.245549099094173,-1.4393102264909743,1.1937611273968014,8.198420141876648,0.14560867907942385,1.5862786937839413,0.9888324130866017,0.507138097660131
0.016,0.98,9,40,-0.279779160931772,-1.8427446356556696,1.5629654747238977,10.431549106092968,0.1498306204407344,1.5862786937839413,0.9888324130866017,0.507138097660131
0.016,0.99,9,40,-0.3224225209714593,-2.380486165164418,2.0580636441929587,13.373229153749792,0.15389429288407036,1.5862786937839413,0.9888324130866017,0.507138097660131
