gamma,case,horizon,empirical_epsilon,true_value,model_value,absolute_value_gap,finite_horizon_local_envelope,gap_to_envelope_ratio,reward_lipschitz,empirical_dynamics_lipschitz
0.8,0,40,0.10503811783510623,-1.7035017864268185,-1.6986621786763152,0.004839607750503294,6.05918533076384,0.0007987225157038063,3.3579468727111816,0.9591749056113689
0.9,0,40,0.10503811783510623,-3.321384177923977,-3.3230331251440632,0.0016489472200862387,22.113778415550097,7.456650731955975e-05,3.3579468727111816,0.9591749056113689
0.95,0,40,0.10503811783510623,-5.5721617657125515,-5.637079524510781,0.06491775879822992,55.63618162003081,0.0011668262793731595,3.3579468727111816,0.9591749056113689
0.97,0,40,0.10503811783510623,-7.231761653175869,-7.376223744745913,0.14446209157004475,85.62277454121022,0.001687192366097821,3.3579468727111816,0.9591749056113689
0.98,0,40,0.10503811783510623,-8.351327192105419,-8.56127848988961,0.20995129778419042,107.58615298838498,0.0019514713738937835,3.3579468727111816,0.9591749056113689
0.99,0,40,0.10503811783510623,-9.737065483848177,-10.038697337076012,0.3016318532278355,136.27081276871976,0.002213473649267567,3.3579468727111816,0.9591749056113689
0.8,1,40,0.004961771521992931,-0.07534677814803667,-0.07078076578255023,0.004566012365486441,0.08444961611635511,0.054067887759197936,0.9362371446016604,0.9752308224390694
0.9,1,40,0.004961771521992931,-0.14403297476160318,-0.12854495084992199,0.015488023911681192,0.3224649840002658,0.04803009529762905,0.9362371446016604,0.9752308224390694
0.95,1,40,0.004961771521992931,-0.25462991950829517,-0.21497129172393598,0.03965862778435919,0.8385003832665859,0.047297089632635805,0.9362371446016604,0.9752308224390694
0.97,1,40,0.004961771521992931,-0.3456766438537316,-0.28342790444212557,0.062248739411606024,1.3079096943232746,0.047594065310307326,0.9362371446016604,0.9752308224390694
0.98,1,40,0.004961771521992931,-0.4105511832602034,-0.33140776305005126,0.07914342021015214,1.654106432636952,0.04784663105625124,0.9362371446016604,0.9752308224390694
0.99,1,40,0.004961771521992931,-0.4939672696758818,-0.3924439854873614,0.10152328418852036,2.108256150539997,0.048155099257040826,0.9362371446016604,0.9752308224390694
0.8,2,40,0.008403829824043179,-0.17453563149499393,-0.16381110795311707,0.010724523541876863,0.13819958442990263,0.07760170615647935,0.867967342152708,0.9864043090288902
0.9,2,40,0.008403829824043179,-0.2993175025647663,-0.2661654045345535,0.033152098030212795,0.546475188153834,0.06066533073937184,0.867967342152708,0.9864043090288902
0.95,2,40,0.008403829824043179,-0.45522113330785724,-0.3823792470073252,0.07284188630053207,1.4576410309310215,0.04997244503607767,0.867967342152708,0.9864043090288902
0.97,2,40,0.008403829824043179,-0.5643411692930501,-0.45875916877297523,0.10558200052007488,2.297174396060076,0.04596168262242537,0.867967342152708,0.9864043090288902
0.98,2,40,0.008403829824043179,-0.636314383419096,-0.5075703289634206,0.12874405445567538,2.9196205616168287,0.04409615966822053,0.867967342152708,0.9864043090288902
0.99,2,40,0.008403829824043179,-0.7240817758812114,-0.5657663651050732,0.1583154107761382,3.7389338022536216,0.04234239469035651,0.867967342152708,0.9864043090288902
0.8,3,40,0.004661357162491197,-0.04431082231420477,-0.042314727406821004,0.001996094907383769,0.038162008387699176,0.052305813863485595,0.47024916272902545,0.9630426198405783
0.9,3,40,0.004661357162491197,-0.07818924229583718,-0.07198948164526124,0.006199760650575939,0.14073144371196217,0.04405384103971186,0.47024916272902545,0.9630426198405783
0.95,3,40,0.004661357162491197,-0.12758167299782253,-0.11365518247725453,0.013926490520567991,0.35675831693785326,0.039036204229525966,0.47024916272902545,0.9630426198405783
0.97,3,40,0.004661357162491197,-0.16612808858438097,-0.14563899734491642,0.020489091239464546,0.5507463354080977,0.037202410478650444,0.47024916272902545,0.9630426198405783
0.98,3,40,0.004661357162491197,-0.1929387381125952,-0.1677361745747037,0.02520256353789152,0.6930568089504305,0.036364354570094244,0.47024916272902545,0.9630426198405783
0.99,3,40,0.004661357162491197,-0.2268547181326134,-0.19556895366278773,0.03128576446982567,0.8791070350791649,0.03558811751177528,0.47024916272902545,0.9630426198405783
0.8,4,40,0.06598694834428573,-0.36449252125034387,-0.3613486539175038,0.0031438673328400557,2.893918336242651,0.0010863704388154674,2.3082995414733887,0.9871412896035752
0.9,4,40,0.06598694834428573,-0.6456388870608042,-0.6456766151087956,3.772804799140328e-05,11.470924171304658,3.2890155516660728e-06,2.3082995414733887,0.9871412896035752
0.95,4,40,0.06598694834428573,-1.01637038812323,-1.0408471016972773,0.02447671357404735,30.650719297440535,0.0007985689776647838,2.3082995414733887,0.9871412896035752
0.97,4,40,0.06598694834428573,-1.2854773460317532,-1.3392226952794297,0.05374534924767649,48.338195564823664,0.0011118608921924194,2.3082995414733887,0.9871412896035752
0.98,4,40,0.06598694834428573,-1.4662679748506973,-1.543716228447463,0.07744825359676577,61.45676826902563,0.0012602070655218602,2.3082995414733887,0.9871412896035752
0.99,4,40,0.06598694834428573,-1.6896339598758834,-1.7999482820715078,0.11031432219562443,78.72848390014529,0.00140119962598976,2.3082995414733887,0.9871412896035752
0.8,5,40,0.034653385806725896,-0.5519186725438681,-0.5484579637716456,0.003460708772222487,1.0813787594995086,0.0032002744106275926,1.7076537609100342,0.9766608811446463
0.9,5,40,0.034653385806725896,-0.9439726049938244,-0.9586999646143137,0.014727359620489322,4.146985949890486,0.0035513406118191076,1.7076537609100342,0.9766608811446463
0.95,5,40,0.034653385806725896,-1.438816311790546,-1.5104855599094222,0.07166924811887632,10.817266253515236,0.006625449206779606,1.7076537609100342,0.9766608811446463
0.97,5,40,0.034653385806725896,-1.7887768098594699,-1.9168148579433804,0.1280380480839105,16.894504519086382,0.007578680270810009,1.7076537609100342,0.9766608811446463
0.98,5,40,0.034653385806725896,-2.0209914014319943,-2.1916708500230597,0.17067944859106543,21.37949744884398,0.007983323695959669,1.7076537609100342,0.9766608811446463
0.99,5,40,0.034653385806725896,-2.30545818171703,-2.5328480203333594,0.22738983861632933,27.2654988814577,0.008339837814996634,1.7076537609100342,0.9766608811446463
0.8,6,40,0.014287732784652132,-0.33387528803606475,-0.3314413275561251,0.0024339604799396564,0.4096386649413703,0.005941725447933529,1.6050499163439356,0.9703451689002809
0.9,6,40,0.014287732784652132,-0.5772614790990559,-0.5714224986703467,0.005838980428709228,1.5418841253561175,0.003786912604318202,1.6050499163439356,0.9703451689002809
0.95,6,40,0.014287732784652132,-0.9010315029053922,-0.8899034352807852,0.011128067624607052,3.967550968305021,0.002804769923185405,1.6050499163439356,0.9703451689002809
0.97,6,40,0.014287732784652132,-1.1375451698896135,-1.1223329736275203,0.015212196262093247,6.162362167918347,0.0024685657622151645,1.6050499163439356,0.9703451689002809
0.98,6,40,0.014287732784652132,-1.2968552221500058,-1.2788520989430257,0.018003123206980165,7.777532318005332,0.0023147603212528138,1.6050499163439356,0.9703451689002809
0.99,6,40,0.014287732784652132,-1.4939938715235923,-1.4725195033693028,0.02147436815428949,9.89337906940029,0.0021705797385959467,1.6050499163439356,0.9703451689002809
0.8,7,40,0.09454346868454763,-1.4088757048661384,-1.4170920329994747,0.008216328133336281,4.895725206186772,0.0016782657905213376,2.890702724456787,0.971140824649223
0.9,7,40,0.09454346868454763,-2.5861772521746214,-2.6726188023665527,0.08644155019193134,18.470008458377993,0.004680103443738352,2.890702724456787,0.971140824649223
0.95,7,40,0.09454346868454763,-4.1722239767642755,-4.461174243582193,0.2889502668179178,47.60660980402827,0.006069540931550813,2.890702724456787,0.971140824649223
0.97,7,40,0.09454346868454763,-5.327326523662676,-5.807114139017882,0.47978761535520587,73.99270240363266,0.006484255876180172,2.890702724456787,0.971140824649223
0.98,7,40,0.09454346868454763,-6.1029364530446735,-6.724541644365108,0.6216051913204348,93.41715180326982,0.0066540798913404375,2.890702724456787,0.971140824649223
0.99,7,40,0.09454346868454763,-7.060198068703962,-7.868355549192139,0.8081574804881768,118.86860504595052,0.006798746230560802,2.890702724456787,0.971140824649223
0.8,8,40,0.01008425263515497,-0.10460316559213205,-0.0958017025045813,0.008801463087550754,0.13204420762206218,0.06665542734553234,0.7187041066850642,0.9758338563857356
0.9,8,40,0.01008425263515497,-0.18928719950583414,-0.16216397392317858,0.027123225582655563,0.5051149160776093,0.05369713845173435,0.7187041066850642,0.9758338563857356
0.95,8,40,0.01008425263515497,-0.3051047402852548,-0.24536748339149667,0.05973725689375814,1.3151775103390084,0.045421440394277944,0.7187041066850642,0.9758338563857356
0.97,8,40,0.01008425263515497,-0.3906840385994492,-0.3039996454938606,0.08668439310558862,2.0525397839280672,0.04223274685555451,0.7187041066850642,0.9758338563857356
0.98,8,40,0.01008425263515497,-0.4485816609778926,-0.3428352941825412,0.10574636679535138,2.596505720520397,0.04072641394918917,0.7187041066850642,0.9758338563857356
0.99,8,40,0.01008425263515497,-0.5204201772413762,-0.39034691277732186,0.13007326446405437,3.310220243526526,0.039294444144139934,0.7187041066850642,0.9758338563857356
0.8,9,40,0.002809869675854341,-0.1832351704890862,-0.1777359283325393,0.005499242156546902,0.044420392629893085,0.12379994482187759,0.8756200781185572,0.9733223878705909
0.9,9,40,0.002809869675854341,-0.334205782500304,-0.31970896175290814,0.014496820747395889,0.16865686394985568,0.0859545257031817,0.8756200781185572,0.9733223878705909
0.95,9,40,0.002809869675854341,-0.54994404753522,-0.5215989960559091,0.02834505147931088,0.4367441667988341,0.06490081295663122,0.8756200781185572,0.9733223878705909
0.97,9,40,0.002809869675854341,-0.7136217988150538,-0.6745791134254262,0.03904268538962763,0.6800979978877664,0.057407440561339035,0.8756200781185572,0.9733223878705909
0.98,9,40,0.002809869675854341,-0.8257602802448155,-0.7793570981167487,0.04640318212806682,0.859420358992448,0.053993580257358766,0.8756200781185572,0.9733223878705909
0.99,9,40,0.002809869675854341,-0.9661217690157213,-0.9104902476323563,0.055631521383365024,1.094529602802914,0.05082687689844264,0.8756200781185572,0.9733223878705909
